date,crack_NY,crack_GC,WTI
1986-01-03,,,25.78
1986-01-10,,,25.99
1986-01-17,,,24.57
1986-01-24,,,20.31
1986-01-31,,,19.69
1986-02-07,,,16.72
1986-02-14,,,16.25
1986-02-21,,,14.39
1986-02-28,,,14.25
1986-03-07,,,12.27
1986-03-14,,,13.07
1986-03-21,,,13.45
1986-03-28,,,12.0
1986-04-04,,,11.44
1986-04-11,,,13.46
1986-04-18,,,12.16
1986-04-25,,,13.44
1986-05-02,,,13.76
1986-05-09,,,15.08
1986-05-16,,,15.74
1986-05-23,,,16.37
1986-05-30,,,14.64
1986-06-06,4.35,,13.25
1986-06-13,4.07,,13.21
1986-06-20,3.11,,13.82
1986-06-27,3.13,,13.56
1986-07-04,3.63,,12.23
1986-07-11,3.18,,11.13
1986-07-18,1.93,,12.17
1986-07-25,2.59,,11.31
1986-08-01,1.96,,11.45
1986-08-08,2.18,,14.63
1986-08-15,2.56,,15.39
1986-08-22,2.97,,15.3
1986-08-29,2.56,,15.77
1986-09-05,2.86,,16.07
1986-09-12,2.41,,15.13
1986-09-19,2.58,,14.23
1986-09-26,2.43,,14.3
1986-10-03,2.24,,15.02
1986-10-10,2.19,,15.16
1986-10-17,2.28,,14.69
1986-10-24,2.11,,15.01
1986-10-31,1.68,,14.53
1986-11-07,2.07,,14.98
1986-11-14,2.16,,15.45
1986-11-21,2.21,,15.4
1986-11-28,2.29,,15.01
1986-12-05,2.55,,15.2
1986-12-12,2.48,,15.34
1986-12-19,2.21,,16.23
1986-12-26,2.21,,17.05
1987-01-02,1.99,,17.86
1987-01-09,2.28,,18.38
1987-01-16,2.66,,19.04
1987-01-23,2.4,,18.68
1987-01-30,1.97,,18.62
1987-02-06,2.45,,18.45
1987-02-13,2.22,,18.14
1987-02-20,2.08,,17.63
1987-02-27,1.9,,16.75
1987-03-06,2.72,,17.47
1987-03-13,2.98,,18.31
1987-03-20,2.9,,18.72
1987-03-27,2.84,,18.59
1987-04-03,2.55,,18.77
1987-04-10,2.25,,18.6
1987-04-17,2.13,,18.3
1987-04-24,1.77,,18.94
1987-05-01,2.51,,18.76
1987-05-08,2.69,,19.14
1987-05-15,3.05,,19.52
1987-05-22,2.94,,19.85
1987-05-29,3.38,,19.34
1987-06-05,3.05,,19.73
1987-06-12,3.26,,19.88
1987-06-19,2.73,,20.38
1987-06-26,2.37,,20.21
1987-07-03,2.65,,20.46
1987-07-10,2.11,,21.06
1987-07-17,1.52,,22.03
1987-07-24,1.8,,21.5
1987-07-31,1.74,,21.25
1987-08-07,1.64,,21.52
1987-08-14,1.84,,20.8
1987-08-21,1.66,,19.61
1987-08-28,1.61,,19.42
1987-09-04,1.85,,19.56
1987-09-11,2.18,,19.38
1987-09-18,2.42,,19.63
1987-09-25,2.48,,19.57
1987-10-02,2.49,,19.64
1987-10-09,2.69,,19.65
1987-10-16,3.01,,19.82
1987-10-23,3.62,,19.98
1987-10-30,3.57,,20.03
1987-11-06,3.5,,19.17
1987-11-13,3.7,,18.88
1987-11-20,3.28,,18.6
1987-11-27,3.18,,18.83
1987-12-04,3.12,,18.62
1987-12-11,2.74,,18.34
1987-12-18,2.96,,16.35
1987-12-25,3.3,,16.23
1988-01-01,2.68,,16.78
1988-01-08,2.91,,17.6
1988-01-15,2.92,,16.79
1988-01-22,2.51,,17.2
1988-01-29,2.44,,16.92
1988-02-05,2.94,,17.08
1988-02-12,2.71,,17.24
1988-02-19,2.69,,16.7
1988-02-26,2.92,,16.33
1988-03-04,3.33,,15.64
1988-03-11,2.88,,15.74
1988-03-18,2.89,,16.08
1988-03-25,3.31,,16.58
1988-04-01,3.24,,17.07
1988-04-08,3.13,,16.89
1988-04-15,3.49,,18.15
1988-04-22,3.72,,18.16
1988-04-29,3.81,,18.25
1988-05-06,4.0,,17.34
1988-05-13,4.48,,17.51
1988-05-20,4.39,,17.53
1988-05-27,4.41,,17.29
1988-06-03,4.04,,17.55
1988-06-10,3.65,,17.15
1988-06-17,3.9,,16.58
1988-06-24,4.64,,15.95
1988-07-01,5.18,,15.47
1988-07-08,6.39,,15.45
1988-07-15,7.12,,14.64
1988-07-22,6.02,,15.86
1988-07-29,4.68,,16.14
1988-08-05,4.43,,15.45
1988-08-12,3.79,,15.67
1988-08-19,4.03,,15.58
1988-08-26,3.93,,15.54
1988-09-02,4.22,,15.13
1988-09-09,3.86,,14.4
1988-09-16,4.08,,14.75
1988-09-23,3.79,,14.9
1988-09-30,4.85,,13.94
1988-10-07,5.07,,12.85
1988-10-14,4.96,,14.08
1988-10-21,6.17,,14.76
1988-10-28,8.25,,13.44
1988-11-04,7.12,,13.75
1988-11-11,7.74,,13.93
1988-11-18,7.22,,13.75
1988-11-25,5.66,,14.43
1988-12-02,5.25,,15.33
1988-12-09,4.24,,15.61
1988-12-16,3.65,,16.31
1988-12-23,3.5,,17.04
1988-12-30,4.07,,16.99
1989-01-06,3.82,,17.35
1989-01-13,3.65,,18.06
1989-01-20,3.27,,19.05
1989-01-27,3.67,,17.85
1989-02-03,3.67,,17.41
1989-02-10,3.09,,17.39
1989-02-17,2.15,,18.08
1989-02-24,2.23,,18.46
1989-03-03,3.36,,18.4
1989-03-10,3.69,,18.5
1989-03-17,3.59,,19.71
1989-03-24,3.62,,20.0
1989-03-31,4.56,,20.4
1989-04-07,5.99,,20.11
1989-04-14,6.26,,20.56
1989-04-21,5.16,,22.73
1989-04-28,6.79,,20.87
1989-05-05,7.29,,20.23
1989-05-12,6.19,,19.75
1989-05-19,5.06,,20.42
1989-05-26,5.37,,20.28
1989-06-02,6.01,,19.89
1989-06-09,5.68,,20.08
1989-06-16,3.75,,19.94
1989-06-23,4.0,,19.95
1989-06-30,4.32,,20.25
1989-07-07,3.03,,20.59
1989-07-14,2.97,,20.42
1989-07-21,2.54,,20.06
1989-07-28,3.09,,18.34
1989-08-04,3.14,,18.15
1989-08-11,2.79,,18.25
1989-08-18,2.96,,18.77
1989-08-25,3.2,,18.96
1989-09-01,3.84,,18.77
1989-09-08,4.45,,19.31
1989-09-15,4.18,,19.8
1989-09-22,5.22,,19.63
1989-09-29,5.49,,19.77
1989-10-06,4.19,,20.03
1989-10-13,3.88,,20.37
1989-10-20,3.51,,20.46
1989-10-27,3.46,,19.65
1989-11-03,2.89,,19.99
1989-11-10,2.69,,19.89
1989-11-17,2.48,,19.74
1989-11-24,2.77,,20.02
1989-12-01,2.88,,19.7
1989-12-08,3.29,,20.36
1989-12-15,3.33,,20.81
1989-12-22,5.44,,21.76
1989-12-29,10.64,,21.78
1990-01-05,8.73,,23.29
1990-01-12,6.53,,22.62
1990-01-19,4.62,,22.71
1990-01-26,2.64,,23.08
1990-02-02,3.07,,22.7
1990-02-09,2.58,,22.23
1990-02-16,2.33,,22.27
1990-02-23,2.73,,21.81
1990-03-02,2.08,,21.51
1990-03-09,2.62,,21.01
1990-03-16,3.06,,20.19
1990-03-23,4.22,,19.73
1990-03-30,3.9,,20.26
1990-04-06,5.13,,19.83
1990-04-13,5.98,,17.96
1990-04-20,7.91,,17.6
1990-04-27,7.22,,18.2
1990-05-04,6.66,,18.37
1990-05-11,7.23,,18.71
1990-05-18,6.92,,19.19
1990-05-25,8.23,,16.83
1990-06-01,7.63,,17.72
1990-06-08,7.83,,16.77
1990-06-15,7.85,,17.11
1990-06-22,9.31,,15.9
1990-06-29,7.67,,16.84
1990-07-06,7.55,,16.68
1990-07-13,7.55,,17.64
1990-07-20,7.55,,18.83
1990-07-27,6.56,,19.89
1990-08-03,5.94,,21.98
1990-08-10,6.38,,27.32
1990-08-17,8.35,,27.27
1990-08-24,11.71,,30.08
1990-08-31,8.5,,27.13
1990-09-07,11.0,,29.67
1990-09-14,8.41,,30.99
1990-09-21,4.23,,34.21
1990-09-28,3.79,,39.16
1990-10-05,3.43,,36.64
1990-10-12,2.12,,39.88
1990-10-19,3.91,,36.84
1990-10-26,5.96,,31.32
1990-11-02,4.68,,34.95
1990-11-09,5.27,,33.89
1990-11-16,4.3,,31.5
1990-11-23,4.34,,30.69
1990-11-30,3.66,,32.32
1990-12-07,3.7,,27.72
1990-12-14,2.93,,26.39
1990-12-21,1.76,,27.56
1990-12-28,3.21,,27.21
1991-01-04,2.66,,26.38
1991-01-11,3.52,,27.55
1991-01-18,4.9,,26.85
1991-01-25,4.12,,24.08
1991-02-01,7.16,,21.41
1991-02-08,7.34,,21.3
1991-02-15,6.96,,22.12
1991-02-22,7.74,,19.38
1991-03-01,9.79,,18.73
1991-03-08,10.1,,19.86
1991-03-15,9.31,,19.89
1991-03-22,8.44,,20.3
1991-03-29,7.9,,19.58
1991-04-05,7.95,,19.63
1991-04-12,7.08,,20.89
1991-04-19,7.08,,21.48
1991-04-26,6.98,,21.19
1991-05-03,6.46,,21.23
1991-05-10,6.48,,21.69
1991-05-17,6.34,,20.95
1991-05-24,5.69,,21.04
1991-05-31,5.5,,21.21
1991-06-07,5.34,,20.63
1991-06-14,5.35,,19.84
1991-06-21,4.88,,20.08
1991-06-28,4.75,,20.21
1991-07-05,4.85,,20.8
1991-07-12,4.85,,21.43
1991-07-19,4.49,,21.91
1991-07-26,5.26,,21.4
1991-08-02,5.78,,21.46
1991-08-09,6.71,,21.5
1991-08-16,6.71,,21.44
1991-08-23,6.44,,21.99
1991-08-30,5.35,,21.98
1991-09-06,4.54,,21.84
1991-09-13,4.33,,21.54
1991-09-20,3.94,,21.85
1991-09-27,3.8,,22.24
1991-10-04,3.91,,22.41
1991-10-11,3.79,,23.08
1991-10-18,3.65,,23.82
1991-10-25,4.3,,23.46
1991-11-01,5.07,,23.32
1991-11-08,5.38,,23.47
1991-11-15,4.41,,22.57
1991-11-22,4.59,,22.04
1991-11-29,4.48,,21.49
1991-12-06,4.03,,20.55
1991-12-13,3.14,,19.64
1991-12-20,3.35,,19.2
1991-12-27,3.17,,18.68
1992-01-03,3.01,,19.11
1992-01-10,2.8,,18.41
1992-01-17,3.35,,18.81
1992-01-24,3.45,,18.66
1992-01-31,3.57,,19.05
1992-02-07,4.42,,19.42
1992-02-14,4.07,,19.49
1992-02-21,3.7,,18.62
1992-02-28,3.54,,18.51
1992-03-06,4.63,,18.55
1992-03-13,4.38,,18.76
1992-03-20,4.56,,19.1
1992-03-27,4.15,,19.09
1992-04-03,4.5,,19.73
1992-04-10,4.31,,20.43
1992-04-17,3.67,,20.06
1992-04-24,4.73,,20.06
1992-05-01,4.6,,20.63
1992-05-08,5.24,,20.86
1992-05-15,4.83,,20.8
1992-05-22,4.72,,20.49
1992-05-29,4.59,,21.98
1992-06-05,4.6,,22.38
1992-06-12,4.59,,22.35
1992-06-19,4.35,,22.26
1992-06-26,3.85,,22.68
1992-07-03,3.51,,22.03
1992-07-10,3.1,,21.48
1992-07-17,3.26,,21.58
1992-07-24,3.59,,21.95
1992-07-31,3.84,,21.95
1992-08-07,3.72,,21.34
1992-08-14,4.06,,21.18
1992-08-21,4.27,,21.39
1992-08-28,4.5,,21.43
1992-09-04,4.98,,21.66
1992-09-11,4.37,,21.94
1992-09-18,3.77,,22.21
1992-09-25,3.7,,21.71
1992-10-02,3.54,,21.81
1992-10-09,3.9,,21.9
1992-10-16,3.79,,22.25
1992-10-23,3.98,,21.58
1992-10-30,4.61,,20.95
1992-11-06,5.17,,20.52
1992-11-13,3.92,,20.37
1992-11-20,3.35,,20.35
1992-11-27,3.08,,20.16
1992-12-04,2.95,,19.38
1992-12-11,2.96,,19.01
1992-12-18,3.38,,19.38
1992-12-25,3.37,,19.91
1993-01-01,3.36,,19.63
1993-01-08,3.29,,19.0
1993-01-15,3.0,,18.62
1993-01-22,3.17,,18.61
1993-01-29,3.09,,19.9
1993-02-05,2.91,,20.22
1993-02-12,2.42,,20.13
1993-02-19,2.01,,19.51
1993-02-26,2.28,,20.4
1993-03-05,2.77,,20.69
1993-03-12,2.86,,20.45
1993-03-19,3.03,,20.14
1993-03-26,3.03,,20.0
1993-04-02,3.43,,20.44
1993-04-09,3.99,,20.37
1993-04-16,4.08,,20.28
1993-04-23,4.34,,19.95
1993-04-30,4.19,,20.3
1993-05-07,4.48,,20.47
1993-05-14,4.4,,20.06
1993-05-21,4.5,,19.43
1993-05-28,3.89,,19.84
1993-06-04,3.61,,19.95
1993-06-11,3.26,,19.43
1993-06-18,3.58,,18.76
1993-06-25,3.85,,18.52
1993-07-02,3.76,,18.61
1993-07-09,3.62,,18.02
1993-07-16,3.62,,17.72
1993-07-23,3.81,,17.54
1993-07-30,3.32,,18.18
1993-08-06,3.55,,17.67
1993-08-13,4.49,,17.87
1993-08-20,4.53,,17.84
1993-08-27,3.67,,18.49
1993-09-03,3.52,,18.1
1993-09-10,3.47,,16.96
1993-09-17,3.47,,16.94
1993-09-24,3.3,,17.67
1993-10-01,3.16,,18.33
1993-10-08,3.37,,18.46
1993-10-15,3.75,,18.57
1993-10-22,3.52,,18.12
1993-10-29,3.28,,17.37
1993-11-05,2.98,,17.29
1993-11-12,2.69,,16.71
1993-11-19,2.81,,16.75
1993-11-26,3.17,,16.08
1993-12-03,2.32,,15.21
1993-12-10,1.74,,14.68
1993-12-17,1.87,,14.31
1993-12-24,2.34,,14.4
1993-12-31,2.46,,14.21
1994-01-07,3.35,,15.03
1994-01-14,4.01,,14.67
1994-01-21,3.56,,15.02
1994-01-28,4.16,,15.34
1994-02-04,4.79,,15.76
1994-02-11,5.86,,14.87
1994-02-18,4.94,,14.13
1994-02-25,5.08,,14.44
1994-03-04,4.92,,14.68
1994-03-11,4.6,,14.24
1994-03-18,4.35,,14.82
1994-03-25,4.48,,15.15
1994-04-01,4.42,,14.44
1994-04-08,4.75,,15.65
1994-04-15,4.26,,16.07
1994-04-22,3.38,,17.02
1994-04-29,3.61,,16.93
1994-05-06,3.27,,17.2
1994-05-13,2.8,,17.93
1994-05-20,2.71,,18.21
1994-05-27,2.94,,18.14
1994-06-03,3.54,,18.24
1994-06-10,2.74,,18.26
1994-06-17,2.19,,19.61
1994-06-24,2.33,,19.8
1994-07-01,2.62,,19.16
1994-07-08,2.11,,19.39
1994-07-15,1.86,,20.16
1994-07-22,2.72,,19.39
1994-07-29,3.55,,19.66
1994-08-05,4.06,,20.09
1994-08-12,4.32,,18.88
1994-08-19,4.58,,17.85
1994-08-26,3.69,,17.23
1994-09-02,3.42,,17.52
1994-09-09,2.94,,17.65
1994-09-16,2.24,,16.93
1994-09-23,2.07,,17.38
1994-09-30,1.43,,17.83
1994-10-07,1.65,,18.13
1994-10-14,2.71,,17.37
1994-10-21,3.57,,17.35
1994-10-28,5.04,,17.93
1994-11-04,4.38,,18.69
1994-11-11,3.79,,18.25
1994-11-18,3.74,,17.51
1994-11-25,2.3,,17.73
1994-12-02,1.89,,17.78
1994-12-09,2.19,,16.99
1994-12-16,3.1,,16.86
1994-12-23,2.79,,17.1
1994-12-30,3.42,,17.71
1995-01-06,3.31,,17.62
1995-01-13,3.23,,17.55
1995-01-20,3.31,,18.45
1995-01-27,2.38,,18.34
1995-02-03,2.42,,18.5
1995-02-10,2.29,,18.42
1995-02-17,2.18,,18.55
1995-02-24,2.66,,18.75
1995-03-03,2.22,,18.5
1995-03-10,1.65,,18.27
1995-03-17,1.67,,18.13
1995-03-24,2.39,,18.69
1995-03-31,2.24,,19.12
1995-04-07,3.53,,19.43
1995-04-14,4.14,,19.53
1995-04-21,4.24,,20.26
1995-04-28,4.52,,20.29
1995-05-05,5.17,,20.24
1995-05-12,5.12,,19.74
1995-05-19,5.51,,19.98
1995-05-26,5.94,,19.37
1995-06-02,5.19,,18.92
1995-06-09,5.2,,19.05
1995-06-16,5.11,,18.91
1995-06-23,4.79,,17.88
1995-06-30,4.47,,17.71
1995-07-07,4.34,,17.28
1995-07-14,4.0,,17.34
1995-07-21,2.89,,17.21
1995-07-28,2.96,,17.41
1995-08-04,3.28,,17.72
1995-08-11,3.64,,17.81
1995-08-18,4.09,,17.6
1995-08-25,3.35,,19.02
1995-09-01,4.66,,17.88
1995-09-08,4.65,,18.37
1995-09-15,4.37,,18.72
1995-09-22,4.57,,18.32
1995-09-29,4.4,,17.55
1995-10-06,3.77,,17.29
1995-10-13,3.26,,17.28
1995-10-20,2.73,,17.51
1995-10-27,2.45,,17.56
1995-11-03,2.71,,17.79
1995-11-10,3.09,,17.76
1995-11-17,2.73,,18.06
1995-11-24,3.99,,17.99
1995-12-01,4.57,,18.32
1995-12-08,4.26,,18.74
1995-12-15,4.05,,19.02
1995-12-22,3.73,,19.12
1995-12-29,3.81,,19.44
1996-01-05,3.57,,19.99
1996-01-12,3.32,,19.43
1996-01-19,2.74,,18.64
1996-01-26,2.57,,18.35
1996-02-02,3.75,,17.64
1996-02-09,3.85,,17.72
1996-02-16,4.45,,18.8
1996-02-23,3.55,,21.45
1996-03-01,5.89,,19.49
1996-03-08,4.44,,19.72
1996-03-15,3.99,,20.8
1996-03-22,3.85,,23.16
1996-03-29,4.44,,22.03
1996-04-05,5.29,,22.49
1996-04-12,6.63,,23.95
1996-04-19,3.58,,24.34
1996-04-26,4.79,,23.8
1996-05-03,7.41,,21.16
1996-05-10,6.95,,20.98
1996-05-17,5.3,,21.06
1996-05-24,2.97,,22.24
1996-05-31,3.5,,20.37
1996-06-07,3.45,,20.04
1996-06-14,3.38,,20.15
1996-06-21,2.5,,20.95
1996-06-28,2.76,,20.55
1996-07-05,3.2,,21.4
1996-07-12,3.48,,21.65
1996-07-19,4.0,,21.8
1996-07-26,3.9,,20.96
1996-08-02,4.13,,20.66
1996-08-09,3.98,,21.35
1996-08-16,3.3,,22.25
1996-08-23,3.39,,22.5
1996-08-30,3.49,,21.82
1996-09-06,3.22,,23.48
1996-09-13,3.08,,24.42
1996-09-20,2.94,,23.52
1996-09-27,2.72,,24.33
1996-10-04,3.13,,24.44
1996-10-11,3.38,,24.93
1996-10-18,3.18,,25.45
1996-10-25,3.84,,25.15
1996-11-01,4.38,,23.91
1996-11-08,5.07,,22.92
1996-11-15,5.71,,23.9
1996-11-22,5.4,,24.03
1996-11-29,5.9,,24.21
1996-12-06,5.63,,25.14
1996-12-13,3.97,,24.2
1996-12-20,3.52,,26.02
1996-12-27,3.4,,25.44
1997-01-03,3.73,,25.59
1997-01-10,3.49,,26.3
1997-01-17,2.79,,25.42
1997-01-24,3.5,,24.4
1997-01-31,4.12,,24.24
1997-02-07,3.77,,23.49
1997-02-14,4.05,,22.21
1997-02-21,3.52,,22.18
1997-02-28,3.98,,20.83
1997-03-07,3.84,,20.77
1997-03-14,4.07,,20.64
1997-03-21,3.59,,21.72
1997-03-28,3.8,,20.83
1997-04-04,4.49,,19.76
1997-04-11,4.87,,19.38
1997-04-18,4.85,,19.65
1997-04-25,4.94,,19.85
1997-05-02,5.11,,19.99
1997-05-09,4.46,,19.94
1997-05-16,4.18,,21.45
1997-05-23,4.53,,21.43
1997-05-30,4.38,,20.9
1997-06-06,3.79,,20.12
1997-06-13,3.51,,18.88
1997-06-20,3.46,,18.93
1997-06-27,3.3,,19.0
1997-07-04,3.16,,19.95
1997-07-11,3.72,,19.44
1997-07-18,4.06,,19.49
1997-07-25,4.0,,19.52
1997-08-01,6.05,,20.13
1997-08-08,6.88,,20.35
1997-08-15,7.1,,19.99
1997-08-22,8.37,,19.92
1997-08-29,7.23,,19.5
1997-09-05,6.56,,19.61
1997-09-12,4.99,,19.44
1997-09-19,4.86,,19.44
1997-09-26,4.48,,20.12
1997-10-03,4.11,,21.62
1997-10-10,3.02,,22.01
1997-10-17,2.77,,21.03
1997-10-24,2.97,,21.0
1997-10-31,2.87,,20.92
1997-11-07,2.86,,20.65
1997-11-14,3.15,,20.66
1997-11-21,3.53,,19.81
1997-11-28,3.91,,19.3
1997-12-05,3.5,,18.69
1997-12-12,3.18,,18.44
1997-12-19,3.47,,18.31
1997-12-26,3.19,,18.31
1998-01-02,3.22,,17.58
1998-01-09,3.34,,16.83
1998-01-16,3.31,,16.47
1998-01-23,3.09,,16.02
1998-01-30,2.92,,17.3
1998-02-06,2.25,,16.65
1998-02-13,2.61,,16.25
1998-02-20,2.95,,16.03
1998-02-27,3.14,,15.3
1998-03-06,2.96,,15.23
1998-03-13,2.53,,14.4
1998-03-20,3.84,,14.04
1998-03-27,3.77,,16.42
1998-04-03,3.54,,15.98
1998-04-10,3.03,,15.55
1998-04-17,3.33,,15.53
1998-04-24,4.9,,14.5
1998-05-01,4.24,,15.71
1998-05-08,4.57,,15.48
1998-05-15,4.46,,15.03
1998-05-22,4.47,,13.91
1998-05-29,3.69,,14.99
1998-06-05,3.45,,15.02
1998-06-12,3.9,,13.42
1998-06-19,4.96,,12.04
1998-06-26,3.43,,14.17
1998-07-03,3.47,,14.41
1998-07-10,3.77,,13.94
1998-07-17,3.05,,14.48
1998-07-24,2.11,,13.89
1998-07-31,1.66,,14.24
1998-08-07,2.54,,13.83
1998-08-14,3.05,,13.12
1998-08-21,2.74,,13.33
1998-08-28,2.23,,13.65
1998-09-04,2.46,,13.98
1998-09-11,2.2,,14.45
1998-09-18,2.69,,14.88
1998-09-25,2.84,,15.78
1998-10-02,2.87,,15.83
1998-10-09,3.01,,15.02
1998-10-16,2.86,,14.21
1998-10-23,3.28,,13.81
1998-10-30,3.38,,14.34
1998-11-06,3.24,,14.13
1998-11-13,2.47,,13.63
1998-11-20,2.06,,12.4
1998-11-27,1.96,,11.62
1998-12-04,1.39,,11.28
1998-12-11,1.44,,11.16
1998-12-18,1.97,,11.5
1998-12-25,1.61,,11.0
1999-01-01,1.85,,11.83
1999-01-08,2.25,,12.67
1999-01-15,2.0,,12.62
1999-01-22,1.29,,12.26
1999-01-29,1.46,,12.46
1999-02-05,1.53,,12.16
1999-02-12,0.94,,11.81
1999-02-19,0.8,,11.66
1999-02-26,1.16,,12.36
1999-03-05,1.86,,12.9
1999-03-12,2.25,,14.19
1999-03-19,2.63,,14.91
1999-03-26,2.92,,15.55
1999-04-02,3.87,,16.61
1999-04-09,3.64,,16.45
1999-04-16,2.89,,16.77
1999-04-23,1.95,,17.93
1999-04-30,2.25,,18.23
1999-05-07,2.38,,18.62
1999-05-14,2.09,,18.0
1999-05-21,1.64,,17.18
1999-05-28,1.8,,17.07
1999-06-04,1.64,,16.77
1999-06-11,1.6,,17.96
1999-06-18,1.95,,18.21
1999-06-25,1.87,,18.05
1999-07-02,2.35,,19.04
1999-07-09,2.96,,19.87
1999-07-16,3.24,,20.21
1999-07-23,3.28,,19.89
1999-07-30,3.57,,20.62
1999-08-06,4.63,,20.54
1999-08-13,4.19,,21.44
1999-08-20,4.01,,21.62
1999-08-27,4.28,,21.21
1999-09-03,4.43,,21.88
1999-09-10,4.19,,23.0
1999-09-17,3.57,,24.28
1999-09-24,3.51,,24.53
1999-10-01,4.12,,24.58
1999-10-08,3.25,,22.72
1999-10-15,2.76,,22.54
1999-10-22,2.83,,22.65
1999-10-29,3.05,,22.5
1999-11-05,3.49,,22.72
1999-11-12,3.89,,24.22
1999-11-19,3.41,,26.05
1999-11-26,3.37,,27.35
1999-12-03,3.32,,25.46
1999-12-10,2.94,,26.19
1999-12-17,2.89,,26.2
1999-12-24,3.41,,26.07
1999-12-31,2.67,,26.34
2000-01-07,2.7,,24.95
2000-01-14,2.54,,26.27
2000-01-21,5.73,,29.37
2000-01-28,9.88,,28.34
2000-02-04,10.73,,28.08
2000-02-11,6.14,,28.83
2000-02-18,4.0,,29.87
2000-02-25,4.41,,30.1
2000-03-03,7.65,,31.07
2000-03-10,5.91,,32.14
2000-03-17,4.21,,31.29
2000-03-24,5.15,,27.99
2000-03-31,7.06,,26.92
2000-04-07,5.05,,25.6
2000-04-14,4.19,,24.87
2000-04-21,5.41,,26.66
2000-04-28,6.03,,25.95
2000-05-05,6.47,,26.75
2000-05-12,5.95,,28.7
2000-05-19,6.95,,29.88
2000-05-26,6.84,,29.46
2000-06-02,8.03,,29.98
2000-06-09,7.27,,29.79
2000-06-16,5.94,,32.45
2000-06-23,4.11,,33.55
2000-06-30,6.44,,32.12
2000-07-07,3.94,,30.4
2000-07-14,6.17,,30.44
2000-07-21,4.98,,30.65
2000-07-28,5.06,,28.02
2000-08-04,6.71,,28.5
2000-08-11,4.64,,30.14
2000-08-18,4.99,,31.82
2000-08-25,5.55,,32.46
2000-09-01,7.09,,33.08
2000-09-08,7.9,,34.42
2000-09-15,6.77,,34.7
2000-09-22,5.75,,35.49
2000-09-29,7.02,,31.13
2000-10-06,6.01,,31.27
2000-10-13,6.83,,33.9
2000-10-20,7.18,,33.48
2000-10-27,8.43,,33.92
2000-11-03,7.05,,32.78
2000-11-10,6.66,,33.46
2000-11-17,6.61,,35.0
2000-11-24,6.93,,35.91
2000-12-01,5.27,,34.1
2000-12-08,5.46,,29.69
2000-12-15,4.38,,29.05
2000-12-22,5.09,,27.38
2000-12-29,7.02,,26.52
2001-01-05,6.39,,27.8
2001-01-12,6.71,,28.81
2001-01-19,4.86,,30.63
2001-01-26,4.11,,31.35
2001-02-02,4.98,,29.59
2001-02-09,5.14,,30.92
2001-02-16,4.42,,29.67
2001-02-23,3.82,,28.65
2001-03-02,4.3,,27.91
2001-03-09,4.02,,28.45
2001-03-16,4.41,,27.02
2001-03-23,5.75,,26.42
2001-03-30,6.57,,26.86
2001-04-06,8.51,,26.76
2001-04-13,10.22,,28.27
2001-04-20,10.58,,27.89
2001-04-27,10.68,,26.99
2001-05-04,10.01,,28.36
2001-05-11,9.6,,28.12
2001-05-18,6.2,,29.08
2001-05-25,8.53,,28.92
2001-06-01,5.66,,28.44
2001-06-08,4.05,,27.98
2001-06-15,2.95,,28.9
2001-06-22,3.01,,27.09
2001-06-29,2.02,,26.37
2001-07-06,1.89,,26.87
2001-07-13,2.02,,27.07
2001-07-20,2.84,,25.26
2001-07-27,2.84,,26.5
2001-08-03,2.94,,27.1
2001-08-10,3.67,,27.87
2001-08-17,4.53,,27.52
2001-08-24,4.54,,27.25
2001-08-31,6.75,,26.84
2001-09-07,5.9,,27.38
2001-09-14,6.5,,28.22
2001-09-21,4.82,,27.09
2001-09-28,4.25,,22.35
2001-10-05,4.38,,22.6
2001-10-12,3.63,,22.66
2001-10-19,2.87,,21.92
2001-10-26,3.22,,21.78
2001-11-02,2.34,,21.17
2001-11-09,2.58,,20.7
2001-11-16,2.41,,19.61
2001-11-23,2.92,,18.28
2001-11-30,2.46,,19.13
2001-12-07,1.8,,19.47
2001-12-14,2.13,,18.45
2001-12-21,3.03,,19.2
2001-12-28,2.92,,20.94
2002-01-04,3.14,,20.8
2002-01-11,3.01,,20.54
2002-01-18,3.06,,18.61
2002-01-25,3.16,,19.21
2002-02-01,2.69,,19.71
2002-02-08,2.7,,19.97
2002-02-15,2.48,,21.18
2002-02-22,2.12,,20.7
2002-03-01,1.96,,21.43
2002-03-08,3.12,,23.31
2002-03-15,4.65,,24.4
2002-03-22,4.5,,25.25
2002-03-29,3.6,,25.86
2002-04-05,4.15,,26.99
2002-04-12,4.54,,25.24
2002-04-19,4.29,,25.54
2002-04-26,3.32,,26.46
2002-05-03,3.01,,26.88
2002-05-10,1.42,,27.27
2002-05-17,1.15,,28.43
2002-05-24,2.07,,27.18
2002-05-31,2.85,,25.22
2002-06-07,3.56,,25.01
2002-06-14,3.69,,24.94
2002-06-21,3.76,,25.61
2002-06-28,3.37,,26.52
2002-07-05,3.49,,26.81
2002-07-12,3.48,,26.7
2002-07-19,4.19,,27.62
2002-07-26,4.13,,26.64
2002-08-02,4.41,,26.87
2002-08-09,3.57,,26.77
2002-08-16,2.73,,28.52
2002-08-23,1.79,,30.09
2002-08-30,3.36,,28.84
2002-09-06,2.54,,28.65
2002-09-13,2.85,,29.59
2002-09-20,3.44,,29.39
2002-09-27,2.9,,30.63
2002-10-04,3.7,,30.25
2002-10-11,4.52,,29.37
2002-10-18,5.35,,29.65
2002-10-25,5.55,,27.88
2002-11-01,6.08,,27.03
2002-11-08,7.21,,25.97
2002-11-15,4.87,,25.68
2002-11-22,3.92,,26.98
2002-11-29,3.68,,26.83
2002-12-06,3.83,,27.14
2002-12-13,4.55,,27.82
2002-12-20,4.89,,30.35
2002-12-27,5.45,,32.38
2003-01-03,4.75,,31.96
2003-01-10,4.02,,31.54
2003-01-17,3.71,,33.04
2003-01-24,2.84,,34.46
2003-01-31,6.36,,33.19
2003-02-07,8.9,,33.95
2003-02-14,8.09,,35.79
2003-02-21,6.37,,36.78
2003-02-28,7.78,,36.98
2003-03-07,8.79,,36.98
2003-03-14,7.8,,36.66
2003-03-21,6.68,,30.46
2003-03-28,5.3,,30.43
2003-04-04,4.93,,29.33
2003-04-11,5.01,,28.03
2003-04-18,5.33,,29.28
2003-04-25,5.72,,28.43
2003-05-02,5.28,,25.69
2003-05-09,3.66,,26.58
2003-05-16,3.63,,28.54
2003-05-23,3.25,,29.29
2003-05-30,3.38,,29.1
2003-06-06,3.17,,30.68
2003-06-13,2.91,,31.46
2003-06-20,1.68,,30.6
2003-06-27,2.39,,30.01
2003-07-04,3.91,,30.31
2003-07-11,5.52,,30.73
2003-07-18,4.22,,31.48
2003-07-25,4.5,,30.61
2003-08-01,5.14,,30.73
2003-08-08,6.26,,32.11
2003-08-15,7.92,,31.31
2003-08-22,9.77,,31.19
2003-08-29,8.77,,31.56
2003-09-05,6.89,,29.2
2003-09-12,7.51,,28.92
2003-09-19,7.15,,27.39
2003-09-26,8.04,,27.73
2003-10-03,5.7,,29.43
2003-10-10,5.98,,30.69
2003-10-17,5.83,,31.49
2003-10-24,5.46,,30.17
2003-10-31,5.4,,29.28
2003-11-07,4.47,,29.79
2003-11-14,5.16,,31.56
2003-11-21,5.71,,32.58
2003-11-28,6.0,,30.11
2003-12-05,5.22,,30.63
2003-12-12,4.38,,32.16
2003-12-19,5.09,,33.2
2003-12-26,5.17,,32.24
2004-01-02,6.2,,32.68
2004-01-09,7.28,,33.89
2004-01-16,6.92,,34.51
2004-01-23,7.92,,35.45
2004-01-30,7.68,,33.61
2004-02-06,7.51,,33.41
2004-02-13,7.46,,33.88
2004-02-20,7.86,,35.54
2004-02-27,6.94,,36.08
2004-03-05,6.91,,36.67
2004-03-12,5.18,,36.44
2004-03-19,6.36,,37.78
2004-03-26,6.96,,36.65
2004-04-02,7.32,,35.23
2004-04-09,6.23,,35.7
2004-04-16,7.4,,37.39
2004-04-23,7.07,,37.32
2004-04-30,9.49,,37.31
2004-05-07,11.52,,39.24
2004-05-14,12.03,,40.37
2004-05-21,12.08,,40.84
2004-05-28,10.83,,40.65
2004-06-04,8.26,,40.01
2004-06-11,7.73,,37.99
2004-06-18,7.95,,37.86
2004-06-25,8.67,,37.7
2004-07-02,8.75,,37.14
2004-07-09,10.7,,39.73
2004-07-16,9.99,,40.33
2004-07-23,7.56,,41.27
2004-07-30,6.91,,42.5
2004-08-06,5.61,,43.81
2004-08-13,5.33,,45.24
2004-08-20,4.83,,47.28
2004-08-27,5.11,,44.34
2004-09-03,5.38,,43.28
2004-09-10,6.34,,43.33
2004-09-17,7.51,,44.39
2004-09-24,7.51,,47.82
2004-10-01,7.28,,49.71
2004-10-08,6.48,,51.77
2004-10-15,6.21,,54.12
2004-10-22,5.99,,54.43
2004-10-29,5.3,,53.43
2004-11-05,5.34,,49.81
2004-11-12,6.1,,48.0
2004-11-19,7.4,,47.02
2004-11-26,7.29,,48.79
2004-12-03,5.53,,46.06
2004-12-10,4.0,,41.91
2004-12-17,5.3,,43.5
2004-12-24,5.13,,44.39
2004-12-31,3.53,,42.52
2005-01-07,5.56,,44.07
2005-01-14,5.74,,46.79
2005-01-21,5.99,,47.85
2005-01-28,7.86,,48.56
2005-02-04,6.41,,46.97
2005-02-11,5.16,,46.08
2005-02-18,4.78,,47.82
2005-02-25,3.62,,51.75
2005-03-04,5.63,,52.74
2005-03-11,6.97,,54.22
2005-03-18,6.65,,55.93
2005-03-25,10.75,,52.95
2005-04-01,9.95,,54.97
2005-04-08,9.69,,55.24
2005-04-15,8.63,,51.44
2005-04-22,10.75,,52.39
2005-04-29,9.71,,52.0
2005-05-06,8.45,,50.64
2005-05-13,7.88,,50.33
2005-05-20,9.15,,47.77
2005-05-27,7.94,,50.15
2005-06-03,8.46,,53.76
2005-06-10,9.5,,53.74
2005-06-17,8.95,,56.18
2005-06-24,7.71,,59.04
2005-07-01,7.59,,58.21
2005-07-08,10.14,,60.36
2005-07-15,8.31,,59.18
2005-07-22,8.02,,57.3
2005-07-29,7.92,,59.39
2005-08-05,9.58,,61.64
2005-08-12,12.43,,64.85
2005-08-19,13.21,,64.92
2005-08-26,11.11,,66.34
2005-09-02,35.75,,68.47
2005-09-09,22.49,,64.81
2005-09-16,15.99,,63.84
2005-09-23,18.0,,66.43
2005-09-30,23.48,,66.06
2005-10-07,18.9,,63.06
2005-10-14,13.56,,62.87
2005-10-21,9.67,,62.28
2005-10-28,7.06,,61.33
2005-11-04,6.73,,60.34
2005-11-11,6.9,,58.8
2005-11-18,6.63,,57.0
2005-11-25,6.55,,58.13
2005-12-02,6.7,,57.78
2005-12-09,8.14,,59.83
2005-12-16,9.72,,60.32
2005-12-23,9.76,,57.97
2005-12-30,9.91,,59.82
2006-01-06,11.87,,63.39
2006-01-13,8.47,,63.74
2006-01-20,7.03,,66.79
2006-01-27,4.76,,66.82
2006-02-03,3.98,,66.59
2006-02-10,0.98,,63.06
2006-02-17,2.59,,59.37
2006-02-24,5.7,,59.93
2006-03-03,7.41,,62.27
2006-03-10,8.76,,60.89
2006-03-17,12.85,,62.64
2006-03-24,13.34,,61.36
2006-03-31,13.5,,65.67
2006-04-07,15.73,,66.56
2006-04-14,18.19,,68.85
2006-04-21,21.31,,71.87
2006-04-28,16.91,,70.38
2006-05-05,14.98,,72.14
2006-05-12,15.3,,71.5
2006-05-19,12.69,,69.07
2006-05-26,12.81,,70.35
2006-06-02,14.56,,71.53
2006-06-09,14.9,,71.54
2006-06-16,12.6,17.59,69.48
2006-06-23,12.2,16.9,69.94
2006-06-30,14.95,19.5,72.65
2006-07-07,14.66,18.58,74.65
2006-07-14,13.82,18.21,75.21
2006-07-21,15.16,21.88,73.98
2006-07-28,16.68,22.14,73.87
2006-08-04,19.51,22.32,75.2
2006-08-11,13.1,14.85,75.63
2006-08-18,11.22,13.85,71.79
2006-08-25,8.58,11.74,72.12
2006-09-01,7.33,8.67,70.01
2006-09-08,4.12,4.98,67.53
2006-09-15,4.55,3.7,63.98
2006-09-22,4.04,4.32,61.4
2006-09-29,3.76,6.1,61.94
2006-10-06,5.3,7.36,59.77
2006-10-13,6.02,8.68,58.58
2006-10-20,6.86,9.25,58.48
2006-10-27,7.65,8.98,58.88
2006-11-03,5.3,7.15,58.55
2006-11-10,7.14,9.35,59.96
2006-11-17,8.97,9.88,57.56
2006-11-24,11.19,12.21,57.24
2006-12-01,9.79,10.08,62.02
2006-12-08,7.88,7.54,62.32
2006-12-15,8.29,8.12,61.91
2006-12-22,9.83,7.88,62.4
2006-12-29,6.89,7.13,60.66
2007-01-05,7.35,7.26,57.76
2007-01-12,6.33,7.34,54.11
2007-01-19,6.59,7.88,51.51
2007-01-26,7.5,8.91,53.57
2007-02-02,7.22,8.02,57.11
2007-02-09,8.03,7.97,58.99
2007-02-16,9.67,9.77,58.41
2007-02-23,12.61,13.78,59.57
2007-03-02,15.35,15.5,61.64
2007-03-09,16.67,17.07,60.85
2007-03-16,19.21,19.52,57.94
2007-03-23,19.51,20.17,58.26
2007-03-30,17.92,20.03,64.18
2007-04-06,18.26,22.16,64.82
2007-04-13,22.95,29.15,62.58
2007-04-20,19.41,23.22,63.06
2007-04-27,22.3,27.88,65.26
2007-05-04,24.07,27.33,63.82
2007-05-11,26.08,29.91,61.9
2007-05-18,27.81,33.7,63.61
2007-05-25,26.35,29.06,64.89
2007-06-01,23.69,26.84,63.94
2007-06-08,21.77,23.39,65.9
2007-06-15,20.89,21.93,66.62
2007-06-22,21.88,22.05,68.78
2007-06-29,21.37,20.37,69.13
2007-07-06,19.92,20.02,71.78
2007-07-13,19.75,21.08,72.79
2007-07-20,12.48,13.18,74.92
2007-07-27,10.03,10.81,75.15
2007-08-03,8.75,9.56,76.75
2007-08-10,9.28,10.23,71.92
2007-08-17,13.11,13.43,72.05
2007-08-24,11.88,12.8,70.19
2007-08-31,13.65,14.53,72.93
2007-09-07,11.41,14.33,75.96
2007-09-14,9.78,11.17,78.95
2007-09-21,9.01,10.92,82.26
2007-09-28,7.98,9.37,81.7
2007-10-05,7.71,7.65,80.59
2007-10-12,7.89,7.59,81.46
2007-10-19,6.6,6.13,87.8
2007-10-26,5.31,5.02,89.23
2007-11-02,7.58,7.55,93.46
2007-11-09,9.62,9.67,95.81
2007-11-16,9.52,8.89,93.56
2007-11-23,8.86,7.41,97.93
2007-11-30,9.46,7.71,92.47
2007-12-07,9.47,7.72,88.71
2007-12-14,9.28,7.11,91.18
2007-12-21,9.68,8.27,91.16
2007-12-28,9.67,8.27,95.64
2008-01-04,9.64,8.23,98.17
2008-01-11,7.87,6.42,94.76
2008-01-18,7.68,6.34,91.51
2008-01-25,8.51,8.69,89.41
2008-02-01,7.95,8.96,91.14
2008-02-08,7.63,9.24,89.08
2008-02-15,8.67,10.49,94.13
2008-02-22,9.53,12.04,99.61
2008-02-29,7.79,11.1,100.84
2008-03-07,7.43,10.8,103.44
2008-03-14,5.77,9.29,109.35
2008-03-21,5.1,9.07,105.28
2008-03-28,11.26,11.75,104.49
2008-04-04,9.18,14.24,103.46
2008-04-11,10.31,12.5,109.71
2008-04-18,10.89,12.61,114.33
2008-04-25,9.44,11.63,118.53
2008-05-02,9.0,11.08,115.42
2008-05-09,9.85,11.98,123.01
2008-05-16,11.82,14.09,124.96
2008-05-23,13.43,15.56,130.14
2008-05-30,14.58,15.45,128.47
2008-06-06,13.76,14.92,128.16
2008-06-13,12.75,12.06,134.8
2008-06-20,10.83,10.95,134.34
2008-06-27,9.57,10.69,137.0
2008-07-04,7.45,7.81,142.52
2008-07-11,7.16,8.34,139.95
2008-07-18,6.76,8.23,135.37
2008-07-25,7.78,9.08,125.92
2008-08-01,7.76,8.82,124.57
2008-08-08,7.24,9.38,118.8
2008-08-15,8.81,11.46,114.4
2008-08-22,9.11,9.53,115.7
2008-08-29,10.46,13.93,116.09
2008-09-05,14.38,19.32,108.37
2008-09-12,20.14,43.0,102.88
2008-09-19,22.75,37.0,97.19
2008-09-26,5.72,10.82,111.12
2008-10-03,8.83,13.63,96.59
2008-10-10,5.49,4.62,86.24
2008-10-17,10.18,7.3,75.19
2008-10-24,11.16,5.25,68.56
2008-10-31,7.11,2.19,65.21
2008-11-07,4.4,1.78,64.31
2008-11-14,4.48,3.1,58.6
2008-11-21,4.47,1.63,52.26
2008-11-28,4.21,2.35,53.27
2008-12-05,4.51,2.0,45.6
2008-12-12,2.86,0.97,44.57
2008-12-19,8.14,7.55,39.7
2008-12-26,8.52,8.25,32.98
2009-01-02,2.15,2.5,42.4
2009-01-09,7.65,7.97,44.46
2009-01-16,15.85,16.18,36.73
2009-01-23,10.04,8.31,42.15
2009-01-30,11.19,9.76,42.7
2009-02-06,13.22,12.42,40.78
2009-02-13,17.91,16.71,36.94
2009-02-20,11.04,9.62,37.15
2009-02-27,8.89,8.71,41.1
2009-03-06,8.14,7.75,43.18
2009-03-13,4.89,4.8,45.66
2009-03-20,4.82,4.98,49.49
2009-03-27,6.1,7.35,52.99
2009-04-03,5.98,6.21,50.34
2009-04-10,7.77,8.12,50.46
2009-04-17,9.37,8.88,49.86
2009-04-24,9.05,8.0,47.8
2009-05-01,6.78,6.65,50.2
2009-05-08,8.4,7.56,55.96
2009-05-15,8.8,7.66,57.94
2009-05-22,9.65,9.39,60.32
2009-05-29,9.12,8.4,64.32
2009-06-05,9.06,9.49,68.11
2009-06-12,9.1,9.37,70.85
2009-06-19,9.59,9.98,70.62
2009-06-26,6.0,6.14,68.58
2009-07-03,5.66,5.34,69.32
2009-07-10,5.82,5.61,61.48
2009-07-17,6.44,6.3,61.29
2009-07-24,9.35,9.23,65.28
2009-07-31,9.75,9.07,67.03
2009-08-07,10.5,10.05,71.58
2009-08-14,10.79,10.43,69.64
2009-08-21,8.79,7.88,70.8
2009-08-28,6.95,5.96,72.37
2009-09-04,6.78,5.78,68.39
2009-09-11,4.75,3.63,70.91
2009-09-18,4.78,3.9,71.32
2009-09-25,3.24,3.49,68.33
2009-10-02,3.46,3.08,68.84
2009-10-09,4.17,3.83,70.8
2009-10-16,4.52,3.73,75.73
2009-10-23,5.65,4.4,80.06
2009-10-30,6.82,5.32,78.47
2009-11-06,4.79,3.24,79.0
2009-11-13,4.4,2.76,78.24
2009-11-20,5.53,3.53,78.37
2009-11-27,6.28,4.96,76.14
2009-12-04,6.83,5.51,76.81
2009-12-11,7.2,6.71,71.51
2009-12-18,6.54,5.9,71.72
2009-12-25,6.16,4.91,74.76
2010-01-01,7.28,5.57,79.07
2010-01-08,7.71,6.77,82.34
2010-01-15,7.44,6.33,80.06
2010-01-22,7.31,6.3,76.62
2010-01-29,7.3,6.78,73.94
2010-02-05,5.72,6.87,74.57
2010-02-12,6.42,5.82,73.88
2010-02-19,6.86,6.67,78.25
2010-02-26,6.24,7.22,79.22
2010-03-05,8.21,8.19,80.19
2010-03-12,7.81,8.4,81.76
2010-03-19,7.99,8.89,81.44
2010-03-26,7.58,8.01,80.65
2010-04-02,8.44,8.54,83.01
2010-04-09,8.1,7.44,85.66
2010-04-16,8.21,7.92,84.34
2010-04-23,9.0,9.6,82.9
2010-04-30,10.13,10.27,84.22
2010-05-07,10.65,10.9,80.24
2010-05-14,13.39,13.11,74.98
2010-05-21,11.7,11.68,69.14
2010-05-28,9.66,9.31,70.62
2010-06-04,9.31,8.74,72.91
2010-06-11,9.45,8.45,73.44
2010-06-18,10.7,9.47,76.7
2010-06-25,9.59,8.8,77.06
2010-07-02,7.84,7.71,74.96
2010-07-09,8.14,8.53,74.39
2010-07-16,7.17,7.68,76.35
2010-07-23,7.13,7.39,77.56
2010-07-30,6.44,6.64,78.12
2010-08-06,6.77,7.03,81.79
2010-08-13,4.65,5.51,78.17
2010-08-20,5.3,5.88,74.84
2010-08-27,6.71,7.59,72.91
2010-09-03,7.88,8.4,74.02
2010-09-10,9.01,9.92,74.82
2010-09-17,9.08,9.6,75.62
2010-09-24,10.25,9.86,73.76
2010-10-01,9.03,8.03,78.41
2010-10-08,10.82,8.89,82.29
2010-10-15,11.01,8.45,82.16
2010-10-22,10.03,6.95,81.15
2010-10-29,8.54,5.99,82.03
2010-11-05,8.37,5.76,84.93
2010-11-12,9.34,7.0,86.91
2010-11-19,13.81,8.9,82.23
2010-11-26,12.85,8.55,82.28
2010-12-03,12.65,9.25,86.75
2010-12-10,11.32,9.14,88.5
2010-12-17,11.31,9.06,88.27
2010-12-24,14.14,11.28,89.66
2010-12-31,12.22,9.79,90.97
2011-01-07,13.96,12.14,89.54
2011-01-14,14.71,13.17,91.02
2011-01-21,16.22,14.87,89.75
2011-01-28,18.41,16.72,86.11
2011-02-04,17.87,16.19,89.52
2011-02-11,21.69,21.21,85.51
2011-02-18,24.38,24.16,84.13
2011-02-25,21.5,20.34,95.26
2011-03-04,21.48,21.16,101.05
2011-03-11,17.96,19.07,103.74
2011-03-18,18.9,20.62,99.79
2011-03-25,17.85,19.85,104.41
2011-04-01,21.0,21.28,105.08
2011-04-08,22.76,22.27,109.29
2011-04-15,24.75,24.35,107.75
2011-04-22,24.73,23.55,109.11
2011-04-29,24.91,24.2,112.3
2011-05-06,25.31,26.63,105.84
2011-05-13,29.49,31.65,99.87
2011-05-20,22.42,22.63,97.99
2011-05-27,23.62,22.95,99.55
2011-06-03,23.44,23.47,100.92
2011-06-10,24.14,23.28,100.05
2011-06-17,26.88,25.86,95.87
2011-06-24,23.92,22.9,92.7
2011-07-01,24.67,24.73,93.7
2011-07-08,28.38,28.15,97.12
2011-07-15,31.7,30.89,96.72
2011-07-22,30.44,29.77,98.01
2011-07-29,30.8,30.03,97.83
2011-08-05,32.06,30.53,90.85
2011-08-12,33.76,32.3,82.86
2011-08-19,34.16,33.57,85.36
2011-08-26,36.39,36.85,85.06
2011-09-02,35.93,36.45,88.07
2011-09-09,36.59,33.89,87.91
2011-09-16,30.67,28.68,88.93
2011-09-23,31.58,29.26,83.65
2011-09-30,32.01,30.62,81.18
2011-10-07,35.57,33.77,79.43
2011-10-14,36.63,33.69,85.35
2011-10-21,32.89,30.64,86.82
2011-10-28,27.14,25.21,92.32
2011-11-04,24.85,22.71,93.24
2011-11-11,22.91,20.52,96.97
2011-11-18,16.31,13.28,99.32
2011-11-25,16.05,13.14,96.89
2011-12-02,14.76,11.84,99.91
2011-12-09,14.99,11.57,100.08
2011-12-16,15.52,12.79,96.06
2011-12-23,16.08,13.83,97.74
2011-12-30,16.28,14.18,99.81
2012-01-06,18.33,16.22,102.39
2012-01-13,20.24,18.91,100.43
2012-01-20,21.71,20.3,99.95
2012-01-27,23.61,22.09,99.35
2012-02-03,26.67,25.33,97.8
2012-02-10,29.86,28.18,98.56
2012-02-17,27.5,26.33,101.73
2012-02-24,25.76,25.81,107.18
2012-03-02,26.68,23.69,107.52
2012-03-09,23.99,26.19,106.32
2012-03-16,26.58,28.36,106.15
2012-03-23,28.54,29.33,106.41
2012-03-30,32.12,31.31,105.12
2012-04-06,35.36,33.26,103.52
2012-04-13,33.01,31.22,102.55
2012-04-20,28.9,27.04,103.15
2012-04-27,26.95,24.88,103.78
2012-05-04,23.73,21.31,103.47
2012-05-11,26.81,24.44,96.98
2012-05-18,27.6,24.74,93.11
2012-05-25,28.04,25.85,90.88
2012-06-01,27.05,25.93,87.06
2012-06-08,27.85,25.51,84.43
2012-06-15,28.35,26.08,83.27
2012-06-22,26.12,24.93,81.11
2012-06-29,26.6,25.26,80.23
2012-07-06,27.0,25.92,85.74
2012-07-13,30.41,27.19,85.78
2012-07-20,28.98,26.53,90.34
2012-07-27,26.93,25.77,88.88
2012-08-03,30.38,29.82,89.1
2012-08-10,32.43,31.5,93.14
2012-08-17,32.42,31.79,94.43
2012-08-24,32.37,32.03,96.22
2012-08-31,36.26,37.56,95.68
2012-09-07,38.97,35.49,95.68
2012-09-14,40.48,34.68,97.56
2012-09-21,37.45,33.63,93.7
2012-09-28,46.44,36.39,91.35
2012-10-05,43.72,38.14,90.81
2012-10-12,42.11,39.21,91.42
2012-10-19,34.09,30.0,91.59
2012-10-26,32.59,26.83,86.35
2012-11-02,33.26,25.0,85.87
2012-11-09,34.53,25.73,85.98
2012-11-16,37.54,25.85,85.87
2012-11-23,34.32,28.17,87.4
2012-11-30,33.2,25.93,87.27
2012-12-07,29.77,23.24,87.0
2012-12-14,29.5,20.93,85.71
2012-12-21,31.08,22.67,88.24
2012-12-28,31.73,25.12,90.14
2013-01-04,28.54,23.15,92.77
2013-01-11,28.08,23.06,93.38
2013-01-18,25.61,20.79,94.58
2013-01-25,28.46,22.27,95.41
2013-02-01,31.37,24.83,97.33
2013-02-08,34.4,27.93,96.18
2013-02-15,34.99,31.95,96.95
2013-02-22,36.23,35.6,94.38
2013-03-01,33.82,32.8,92.19
2013-03-08,32.31,32.58,91.0
2013-03-15,30.35,31.7,92.7
2013-03-22,28.12,28.23,93.05
2013-03-29,26.04,26.7,96.08
2013-04-05,23.16,23.51,95.07
2013-04-12,20.73,22.57,93.36
2013-04-19,24.06,25.18,88.0
2013-04-26,21.63,23.42,91.0
2013-05-03,19.52,21.05,93.4
2013-05-10,20.39,21.66,95.84
2013-05-17,21.56,22.52,94.65
2013-05-24,20.57,20.11,94.76
2013-05-31,20.64,20.19,93.32
2013-06-07,21.04,21.22,94.25
2013-06-14,20.13,20.97,96.36
2013-06-21,20.08,20.05,96.65
2013-06-28,16.67,15.85,95.83
2013-07-05,15.59,14.53,100.65
2013-07-12,17.72,16.78,104.7
2013-07-19,18.74,18.32,106.88
2013-07-26,16.97,16.82,105.88
2013-08-02,18.0,17.49,105.54
2013-08-09,15.24,13.97,105.17
2013-08-16,16.31,15.39,106.97
2013-08-23,18.73,17.96,105.48
2013-08-30,17.81,17.05,108.33
2013-09-06,15.91,12.06,108.77
2013-09-13,12.77,8.08,108.36
2013-09-20,12.36,7.33,106.22
2013-09-27,13.39,8.41,103.1
2013-10-04,12.37,7.5,103.14
2013-10-11,14.69,9.96,102.7
2013-10-18,16.24,11.96,101.51
2013-10-25,17.5,10.76,97.57
2013-11-01,18.29,10.92,96.94
2013-11-08,18.08,9.14,94.31
2013-11-15,21.98,14.13,93.94
2013-11-22,23.71,18.74,93.92
2013-11-29,25.2,18.67,92.97
2013-12-06,22.76,14.94,96.21
2013-12-13,19.19,11.58,97.23
2013-12-20,20.13,13.42,97.85
2013-12-27,23.17,16.84,99.15
2014-01-03,23.1,16.36,96.47
2014-01-10,24.28,19.4,92.42
2014-01-17,22.9,19.26,92.98
2014-01-24,22.71,16.64,96.19
2014-01-31,22.48,15.03,97.29
2014-02-07,20.39,15.63,97.78
2014-02-14,20.57,17.42,100.21
2014-02-21,21.08,15.44,102.93
2014-02-28,19.37,16.34,102.77
2014-03-07,17.97,15.44,103.07
2014-03-14,19.42,17.41,99.55
2014-03-21,16.14,16.54,99.77
2014-03-28,15.13,15.09,100.66
2014-04-04,15.35,15.81,100.46
2014-04-11,18.23,16.55,102.72
2014-04-18,20.19,17.22,103.95
2014-04-25,22.77,19.07,102.11
2014-05-02,20.32,17.61,100.51
2014-05-09,18.78,15.71,100.29
2014-05-16,18.59,15.95,101.92
2014-05-23,17.55,15.78,103.82
2014-05-30,15.78,15.19,103.95
2014-06-06,14.83,13.88,103.23
2014-06-13,14.7,13.74,105.97
2014-06-20,16.75,16.18,107.23
2014-06-27,16.45,15.75,106.69
2014-07-04,15.15,14.25,105.52
2014-07-11,14.59,13.33,103.25
2014-07-18,14.22,12.58,102.37
2014-07-25,12.3,10.42,104.35
2014-08-01,13.27,11.32,102.19
2014-08-08,16.63,15.03,97.5
2014-08-15,16.64,16.12,97.17
2014-08-22,18.91,18.81,94.95
2014-08-29,19.28,17.22,96.25
2014-09-05,20.88,18.7,94.06
2014-09-12,20.03,17.39,92.43
2014-09-19,18.03,16.77,93.52
2014-09-26,20.46,18.0,93.15
2014-10-03,19.16,17.24,91.44
2014-10-10,16.82,12.16,87.63
2014-10-17,16.04,10.26,82.88
2014-10-24,16.75,9.82,82.12
2014-10-31,16.04,11.01,81.29
2014-11-07,16.06,13.67,78.24
2014-11-14,16.67,12.32,76.5
2014-11-21,16.01,8.62,75.38
2014-11-28,16.62,8.25,72.36
2014-12-05,13.81,6.73,67.18
2014-12-12,13.34,7.0,61.14
2014-12-19,14.4,6.63,55.89
2014-12-26,14.49,2.38,55.58
2015-01-02,12.79,4.17,53.44
2015-01-09,13.14,6.68,48.77
2015-01-16,12.39,8.03,47.07
2015-01-23,13.54,10.93,46.46
2015-01-30,15.45,14.6,45.32
2015-02-06,16.73,16.31,50.58
2015-02-13,18.51,18.54,51.14
2015-02-20,20.58,19.35,51.69
2015-02-27,26.68,24.96,49.16
2015-03-06,22.98,23.76,50.38
2015-03-13,20.73,22.76,47.69
2015-03-20,21.4,25.11,44.39
2015-03-27,19.7,22.13,48.68
2015-04-03,18.96,19.24,48.91
2015-04-10,19.1,17.45,51.78
2015-04-17,19.36,18.68,54.78
2015-04-24,20.47,19.49,56.14
2015-05-01,21.41,20.6,57.98
2015-05-08,19.96,19.3,59.73
2015-05-15,20.22,20.04,60.01
2015-05-22,21.59,21.42,58.95
2015-05-29,20.64,20.57,58.19
2015-06-05,20.41,19.76,59.66
2015-06-12,21.94,20.86,60.07
2015-06-19,22.12,20.06,59.89
2015-06-26,19.86,18.57,60.01
2015-07-03,20.98,22.05,57.92
2015-07-10,24.69,26.47,52.38
2015-07-17,22.04,23.04,51.68
2015-07-24,23.18,23.76,49.21
2015-07-31,21.4,21.5,47.91
2015-08-07,22.19,21.77,44.94
2015-08-14,25.02,26.07,43.2
2015-08-21,22.56,22.74,41.34
2015-08-28,18.64,17.58,40.73
2015-09-04,17.0,14.42,46.73
2015-09-11,16.66,12.98,45.16
2015-09-18,14.1,10.87,45.48
2015-09-25,14.73,12.35,45.57
2015-10-02,14.53,13.42,45.0
2015-10-09,13.79,12.55,48.36
2015-10-16,11.29,8.09,46.82
2015-10-23,11.3,8.47,45.16
2015-10-30,12.96,10.32,44.99
2015-11-06,14.61,13.02,45.98
2015-11-13,14.48,11.13,42.7
2015-11-20,14.05,9.54,40.62
2015-11-27,15.27,12.18,40.49
2015-12-04,14.61,10.8,40.4
2015-12-11,13.09,12.07,36.93
2015-12-18,13.08,11.69,35.78
2015-12-25,12.24,11.03,36.26
2016-01-01,12.82,10.06,36.99
2016-01-08,13.24,10.5,34.65
2016-01-15,12.53,10.15,30.59
2016-01-22,12.82,10.07,29.19
2016-01-29,12.18,9.99,31.81
2016-02-05,12.07,8.51,31.26
2016-02-12,12.64,10.19,28.14
2016-02-19,14.85,10.51,30.02
2016-02-26,12.54,9.94,31.32
2016-03-04,9.53,8.9,34.43
2016-03-11,10.57,11.46,37.69
2016-03-18,10.76,13.13,38.32
2016-03-25,13.08,13.74,39.45
2016-04-01,16.06,13.78,36.82
2016-04-08,15.7,12.64,36.72
2016-04-15,16.48,12.94,41.23
2016-04-22,16.31,13.26,41.86
2016-04-29,17.17,14.95,44.3
2016-05-06,15.46,12.13,44.22
2016-05-13,14.77,11.4,45.44
2016-05-20,17.07,13.16,47.99
2016-05-27,16.76,13.64,48.72
2016-06-03,15.88,13.94,49.0
2016-06-10,14.28,13.51,50.18
2016-06-17,12.16,12.28,47.89
2016-06-24,12.88,13.77,48.71
2016-07-01,11.82,12.87,48.17
2016-07-08,11.41,12.21,46.17
2016-07-15,11.14,11.58,45.6
2016-07-22,10.55,11.64,44.44
2016-07-29,11.86,12.87,41.83
2016-08-05,12.97,14.24,40.82
2016-08-12,11.36,13.21,43.11
2016-08-19,13.08,13.68,47.16
2016-08-26,12.77,16.51,47.05
2016-09-02,12.25,14.53,45.11
2016-09-09,12.41,12.04,45.96
2016-09-16,14.49,13.97,44.34
2016-09-23,14.6,13.19,44.59
2016-09-30,14.66,14.63,46.55
2016-10-07,13.63,14.82,49.48
2016-10-14,12.78,13.47,50.29
2016-10-21,13.67,13.04,50.56
2016-10-28,14.33,12.9,49.36
2016-11-04,16.9,13.51,45.51
2016-11-11,15.07,10.41,44.61
2016-11-18,12.61,8.85,45.15
2016-11-25,14.13,11.35,47.25
2016-12-02,14.86,12.44,48.63
2016-12-09,14.27,12.34,50.97
2016-12-16,14.7,12.87,51.91
2016-12-23,16.06,15.39,51.95
2016-12-30,16.86,16.6,53.6
2017-01-06,16.53,15.95,53.34
2017-01-13,15.23,15.26,52.07
2017-01-20,14.95,14.33,51.82
2017-01-27,12.74,12.68,52.74
2017-02-03,12.09,12.69,53.33
2017-02-10,11.79,12.89,52.88
2017-02-17,11.74,11.5,53.22
2017-02-24,10.9,11.67,54.03
2017-03-03,10.24,11.46,53.56
2017-03-10,12.33,12.88,50.5
2017-03-17,13.18,14.33,48.03
2017-03-24,14.85,15.82,47.28
2017-03-31,15.57,16.63,49.14
2017-04-07,15.73,17.02,51.26
2017-04-14,15.42,16.33,53.19
2017-04-21,15.72,16.04,51.09
2017-04-28,14.26,14.78,49.12
2017-05-05,13.14,13.33,47.21
2017-05-12,14.39,14.59,47.04
2017-05-19,15.4,15.1,49.24
2017-05-26,16.15,15.65,50.21
2017-06-02,16.14,15.39,48.48
2017-06-09,13.7,14.02,46.57
2017-06-16,12.98,13.46,45.3
2017-06-23,13.85,14.76,43.09
2017-06-30,14.48,14.83,44.63
2017-07-07,16.19,16.25,44.96
2017-07-14,16.64,16.43,45.51
2017-07-21,18.05,17.26,46.41
2017-07-28,17.56,17.11,48.27
2017-08-04,18.66,18.67,49.52
2017-08-11,18.12,18.18,49.08
2017-08-18,18.38,18.11,47.52
2017-08-25,19.67,19.28,47.68
2017-09-01,30.07,29.33,46.68
2017-09-08,32.4,29.27,48.58
2017-09-15,27.13,23.88,49.07
2017-09-22,23.2,21.5,50.12
2017-09-29,21.44,20.16,51.77
2017-10-06,19.48,18.57,50.23
2017-10-13,18.98,18.53,50.77
2017-10-20,20.11,19.14,51.74
2017-10-27,22.14,20.49,52.51
2017-11-03,21.75,20.45,54.59
2017-11-10,22.06,20.4,57.05
2017-11-17,20.06,18.1,55.81
2017-11-24,18.8,16.77,57.47
2017-12-01,17.92,16.63,57.81
2017-12-08,16.99,15.78,56.92
2017-12-15,16.61,14.94,57.17
2017-12-22,17.25,15.76,57.87
2017-12-29,18.38,16.71,59.88
2018-01-05,17.63,15.65,61.36
2018-01-12,17.09,15.66,63.26
2018-01-19,17.61,16.17,63.77
2018-01-26,18.59,17.43,65.14
2018-02-02,17.55,16.36,65.32
2018-02-09,15.1,14.28,62.01
2018-02-16,13.89,12.87,60.56
2018-02-23,13.84,13.4,62.47
2018-03-02,15.25,13.6,62.07
2018-03-09,13.22,12.54,61.65
2018-03-16,14.11,14.18,61.28
2018-03-23,15.2,16.05,64.11
2018-03-30,16.1,16.26,64.97
2018-04-06,16.74,16.37,63.07
2018-04-13,17.5,17.2,66.02
2018-04-20,18.38,16.83,67.55
2018-04-27,19.58,18.09,67.91
2018-05-04,18.67,17.57,68.38
2018-05-11,19.1,17.93,70.56
2018-05-18,21.04,19.76,71.3
2018-05-25,21.28,20.08,70.98
2018-06-01,22.12,21.14,66.96
2018-06-08,21.7,20.69,65.35
2018-06-15,20.1,19.08,66.21
2018-06-22,18.35,17.44,66.32
2018-06-29,13.16,12.41,74.03
2018-07-06,14.65,13.48,73.73
2018-07-13,15.9,15.19,71.96
2018-07-20,15.92,15.05,68.95
2018-07-27,18.54,17.21,70.01
2018-08-03,18.66,17.54,69.46
2018-08-10,19.46,17.89,67.9
2018-08-17,19.84,18.49,66.15
2018-08-24,19.85,19.37,68.1
2018-08-31,20.84,21.35,69.66
2018-09-07,21.06,19.3,68.51
2018-09-14,19.65,17.95,68.96
2018-09-21,18.63,16.81,70.28
2018-09-28,19.1,18.12,72.84
2018-10-05,19.71,18.42,75.13
2018-10-12,18.57,16.71,72.96
2018-10-19,18.17,15.83,70.24
2018-10-26,17.73,14.95,67.43
2018-11-02,17.19,15.05,65.06
2018-11-09,17.01,14.46,61.57
2018-11-16,17.88,13.96,56.92
2018-11-23,17.24,13.72,54.99
2018-11-30,16.89,13.49,51.01
2018-12-07,16.39,12.61,52.63
2018-12-14,16.42,12.52,51.54
2018-12-21,16.96,12.91,46.98
2018-12-28,16.95,12.92,45.22
2019-01-04,15.52,11.7,47.0
2019-01-11,15.09,11.42,50.78
2019-01-18,14.55,12.05,51.92
2019-01-25,13.14,11.44,52.88
2019-02-01,11.85,10.27,53.63
2019-02-08,13.94,12.41,53.53
2019-02-15,15.76,14.45,53.88
2019-02-22,17.18,12.92,56.74
2019-03-01,18.58,12.72,56.12
2019-03-08,19.17,18.79,56.35
2019-03-15,20.0,19.88,57.81
2019-03-22,20.89,20.23,59.44
2019-03-29,20.06,21.28,59.49
2019-04-05,19.37,19.18,62.36
2019-04-12,21.57,20.39,64.1
2019-04-19,22.8,20.49,63.8
2019-04-26,23.14,21.3,65.28
2019-05-03,22.3,21.38,62.9
2019-05-10,20.4,18.84,61.81
2019-05-17,21.42,19.32,62.1
2019-05-24,20.84,19.28,60.72
2019-05-31,21.08,20.84,56.93
2019-06-07,18.0,18.7,52.97
2019-06-14,19.48,18.89,52.52
2019-06-21,19.53,18.16,54.75
2019-06-28,21.18,19.7,58.38
2019-07-05,22.33,20.72,57.32
2019-07-12,22.47,21.34,59.02
2019-07-19,21.6,20.26,56.74
2019-07-26,21.99,20.89,56.05
2019-08-02,21.15,20.46,56.55
2019-08-09,18.78,17.34,53.28
2019-08-16,16.83,15.04,55.31
2019-08-23,17.17,17.69,55.5
2019-08-30,17.06,19.09,55.21
2019-09-06,15.96,15.18,55.73
2019-09-13,18.05,16.05,56.16
2019-09-20,19.38,17.26,59.33
2019-09-27,19.44,17.93,56.9
2019-10-04,20.14,18.35,53.12
2019-10-11,21.28,19.15,53.27
2019-10-18,22.18,19.06,53.49
2019-10-25,21.37,17.8,55.2
2019-11-01,21.06,17.2,55.17
2019-11-08,19.4,15.17,56.69
2019-11-15,17.69,13.67,56.85
2019-11-22,17.38,14.0,56.9
2019-11-29,17.21,14.69,58.07
2019-12-06,14.85,11.77,57.64
2019-12-13,15.13,11.46,59.25
2019-12-20,15.76,11.6,60.75
2019-12-27,16.62,14.06,61.29
2020-01-03,15.61,13.13,61.74
2020-01-10,15.0,12.2,60.84
2020-01-17,15.17,12.14,58.29
2020-01-24,14.28,11.34,56.15
2020-01-31,13.6,10.9,52.69
2020-02-07,14.6,11.65,50.36
2020-02-14,16.64,13.01,50.83
2020-02-21,17.29,11.67,53.14
2020-02-28,15.56,11.08,48.36
2020-03-06,16.94,15.47,45.57
2020-03-13,13.25,11.53,32.39
2020-03-20,8.49,7.31,24.19
2020-03-27,9.12,6.29,19.44
2020-04-03,6.94,5.44,21.69
2020-04-10,6.66,4.26,24.41
2020-04-17,10.09,8.9,20.12
2020-04-24,22.97,20.1,3.32
2020-05-01,11.7,9.08,15.71
2020-05-08,10.64,8.82,23.46
2020-05-15,7.86,7.27,26.4
2020-05-22,6.77,5.27,33.1
2020-05-29,4.74,3.48,34.19
2020-06-05,5.7,5.28,37.32
2020-06-12,7.15,7.0,37.87
2020-06-19,9.8,9.31,38.35
2020-06-26,9.57,8.27,39.22
2020-07-03,8.97,8.35,39.85
2020-07-10,10.69,9.47,40.44
2020-07-17,10.03,7.91,40.57
2020-07-24,10.25,8.68,41.34
2020-07-31,9.56,8.27,40.69
2020-08-07,8.34,7.14,41.57
2020-08-14,8.4,7.45,42.08
2020-08-21,9.41,9.48,42.73
2020-08-28,10.59,12.69,42.93
2020-09-04,8.87,8.27,41.84
2020-09-11,9.35,7.91,37.38
2020-09-18,10.04,8.61,39.55
2020-09-25,9.64,8.46,39.78
2020-10-02,10.61,9.3,38.99
2020-10-09,11.09,9.83,40.19
2020-10-16,9.97,8.22,40.33
2020-10-23,8.29,6.78,40.43
2020-10-30,8.7,7.3,37.32
2020-11-06,8.73,7.44,37.71
2020-11-13,8.68,7.6,40.66
2020-11-20,8.19,7.37,41.52
2020-11-27,9.05,8.38,44.4
2020-12-04,8.56,7.37,45.37
2020-12-11,9.46,8.29,46.04
2020-12-18,10.44,9.35,47.97
2020-12-25,10.96,9.59,47.73
2021-01-01,11.39,10.25,47.98
2021-01-08,11.83,10.66,50.09
2021-01-15,12.27,11.34,52.75
2021-01-22,12.34,11.03,52.82
2021-01-29,13.28,12.17,52.52
2021-02-05,13.17,12.4,55.39
2021-02-12,11.57,10.83,58.54
2021-02-19,14.37,13.27,60.17
2021-02-26,15.61,14.0,62.3
2021-03-05,16.31,17.24,62.29
2021-03-12,18.18,18.24,65.02
2021-03-19,17.84,17.66,63.22
2021-03-26,16.35,17.19,59.95
2021-04-02,17.24,18.16,60.66
2021-04-09,18.2,19.02,59.35
2021-04-16,18.05,18.6,61.93
2021-04-23,17.24,17.89,62.18
2021-04-30,17.72,18.46,63.47
2021-05-07,19.63,19.45,65.1
2021-05-14,20.6,20.2,65.07
2021-05-21,20.39,19.92,64.11
2021-05-28,18.45,18.4,66.4
2021-06-04,18.05,18.55,68.74
2021-06-11,17.08,18.15,70.11
2021-06-18,14.1,15.15,71.55
2021-06-25,15.74,16.39,73.48
2021-07-02,15.42,16.33,74.07
2021-07-09,15.86,17.02,73.35
2021-07-16,17.78,17.95,73.19
2021-07-23,18.52,18.3,69.68
2021-07-30,20.34,20.29,72.75
2021-08-06,21.26,21.19,69.5
2021-08-13,21.96,22.18,68.33
2021-08-20,19.41,19.83,65.05
2021-08-27,21.13,24.96,67.59
2021-09-03,23.47,24.05,69.15
2021-09-10,22.59,21.49,68.98
2021-09-17,21.2,20.36,71.69
2021-09-24,19.52,18.15,72.18
2021-10-01,19.69,19.26,75.45
2021-10-08,21.71,20.9,78.5
2021-10-15,22.64,21.19,81.18
2021-10-22,22.29,20.82,83.48
2021-10-29,20.96,20.6,83.84
2021-11-05,20.79,18.37,81.79
2021-11-12,18.53,16.2,81.93
2021-11-19,18.94,16.56,78.99
2021-11-26,19.86,17.69,77.79
2021-12-03,17.94,18.03,66.89
2021-12-10,19.52,18.57,71.31
2021-12-17,19.9,18.06,71.18
2021-12-24,20.39,19.43,71.63
2021-12-31,19.72,19.02,76.05
2022-01-07,19.52,19.08,77.86
2022-01-14,20.33,20.04,81.52
2022-01-21,19.41,18.97,85.93
2022-01-28,20.9,20.36,86.94
2022-02-04,22.67,22.02,89.6
2022-02-11,25.0,23.92,90.61
2022-02-18,21.94,21.11,92.89
2022-02-25,23.35,20.45,92.18
2022-03-04,28.58,26.73,106.8
2022-03-11,31.72,31.1,113.39
2022-03-18,29.81,30.47,100.43
2022-03-25,33.84,34.95,113.69
2022-04-01,32.34,37.01,103.89
2022-04-08,37.14,35.82,99.21
2022-04-15,39.62,37.17,101.46
2022-04-22,39.68,40.64,104.02
2022-04-29,56.61,56.86,102.85
2022-05-06,63.83,53.89,106.69
2022-05-13,67.48,55.87,105.0
2022-05-20,60.47,44.44,112.18
2022-05-27,51.62,47.69,113.38
2022-06-03,63.0,57.69,116.37
2022-06-10,61.04,59.62,120.43
2022-06-17,56.19,56.73,116.46
2022-06-24,60.97,61.35,107.88
2022-07-01,52.15,55.01,110.96
2022-07-08,44.37,42.8,103.32
2022-07-15,47.77,42.35,99.92
2022-07-22,42.24,34.33,102.24
2022-07-29,47.08,43.2,99.6
2022-08-05,41.47,29.34,94.01
2022-08-12,38.91,30.38,94.65
2022-08-19,40.55,34.65,91.81
2022-08-26,38.77,39.17,94.47
2022-09-02,34.05,35.32,90.79
2022-09-09,35.57,33.61,85.29
2022-09-16,33.92,30.96,87.24
2022-09-23,33.8,35.08,83.46
2022-09-30,38.81,41.34,80.08
2022-10-07,47.2,45.02,88.22
2022-10-14,53.13,45.18,88.97
2022-10-21,57.65,43.24,85.36
2022-10-28,61.08,54.24,87.87
2022-11-04,56.59,42.04,89.14
2022-11-11,59.57,33.94,88.41
2022-11-18,49.62,28.36,84.02
2022-11-25,43.03,30.38,78.74
2022-12-02,34.12,23.65,79.29
2022-12-09,28.97,20.61,73.06
2022-12-16,29.43,23.75,75.12
2022-12-23,30.02,25.8,77.28
2022-12-30,35.07,35.84,79.23
2023-01-06,33.82,33.35,74.27
2023-01-13,35.96,35.35,77.1
2023-01-20,39.68,39.89,80.34
2023-01-27,41.22,42.04,80.33
2023-02-03,34.9,34.86,76.51
2023-02-10,32.49,31.54,77.51
2023-02-17,30.58,30.23,78.51
2023-02-24,28.7,26.16,75.42
2023-03-03,31.35,28.62,77.54
2023-03-10,30.34,32.41,77.31
2023-03-17,32.56,36.86,69.6
2023-03-24,35.92,37.9,69.33
2023-03-31,34.05,36.82,73.79
2023-04-07,34.32,32.47,80.62
2023-04-14,35.04,32.44,81.87
2023-04-21,30.12,27.05,79.22
2023-04-28,28.63,24.94,76.31
2023-05-05,27.85,25.38,71.16
2023-05-12,29.6,27.76,72.03
2023-05-19,31.41,29.52,71.62
2023-05-26,34.09,32.69,72.62
2023-06-02,33.99,30.15,69.85
2023-06-09,37.26,30.75,71.56
2023-06-16,38.14,32.32,69.42
2023-06-23,34.41,30.85,70.41
2023-06-30,34.59,29.76,69.36
2023-07-07,32.51,30.21,71.79
2023-07-14,32.88,31.89,75.2
2023-07-21,33.83,35.12,75.61
2023-07-28,37.6,41.1,79.68
2023-08-04,38.22,40.12,81.4
2023-08-11,40.23,41.71,83.04
2023-08-18,40.88,42.61,80.93
2023-08-25,41.73,46.83,79.97
2023-09-01,37.63,40.01,82.5
2023-09-08,36.84,35.75,87.17
2023-09-15,40.7,38.93,89.14
2023-09-22,35.61,35.44,90.28
2023-09-29,32.05,31.37,91.44
2023-10-06,27.34,24.09,85.5
2023-10-13,28.19,20.87,85.03
2023-10-20,27.93,20.97,88.03
2023-10-27,24.66,19.37,85.2
2023-11-03,22.44,18.1,81.99
2023-11-10,25.01,17.87,77.92
2023-11-17,26.75,16.9,76.98
2023-11-24,29.55,18.59,77.02
2023-12-01,28.47,19.19,75.49
2023-12-08,27.96,15.29,70.71
2023-12-15,26.7,15.21,70.11
2023-12-22,25.86,21.72,73.23
2023-12-29,22.88,20.71,73.52
2024-01-05,24.54,20.29,72.49
2024-01-12,24.32,21.25,72.03
2024-01-19,24.71,22.18,73.36
2024-01-26,25.64,22.48,76.36
2024-02-02,25.15,23.97,75.78
2024-02-09,28.07,27.86,75.05
2024-02-16,26.79,27.14,78.17
2024-02-23,23.9,23.76,78.71
2024-03-01,23.88,24.31,79.58
2024-03-08,23.02,24.13,79.53
2024-03-15,25.54,28.71,80.43
2024-03-22,26.05,27.82,82.79
2024-03-29,23.64,24.47,82.73
2024-04-05,27.33,23.54,86.35
2024-04-12,27.15,23.97,86.5
2024-04-19,26.61,23.14,84.65
2024-04-26,27.37,22.38,84.48
2024-05-03,26.35,21.61,81.74
2024-05-10,24.07,20.55,80.26
2024-05-17,23.0,19.81,80.61
2024-05-24,24.09,20.73,79.43
2024-05-31,21.95,17.49,79.52
2024-06-07,21.91,18.05,75.53
2024-06-14,21.1,16.87,79.24
2024-06-21,21.06,16.47,82.26
2024-06-28,22.08,17.84,82.53
2024-07-05,22.45,19.58,84.61
2024-07-12,20.69,17.58,83.44
2024-07-19,19.07,16.42,82.98
2024-07-26,21.15,19.52,79.26
2024-08-02,21.16,20.19,77.11
2024-08-09,21.52,20.86,76.33
2024-08-16,18.47,17.5,79.49
2024-08-23,18.18,20.2,74.68
2024-08-30,16.28,17.02,76.36
2024-09-06,13.43,13.85,70.02
2024-09-13,10.63,13.89,68.82
2024-09-20,9.82,13.32,72.14
2024-09-27,10.74,15.36,70.22
2024-10-04,11.68,15.61,71.83
2024-10-11,11.92,15.91,75.69
2024-10-18,13.76,15.67,70.81
2024-10-25,18.28,13.35,71.59
2024-11-01,18.67,14.47,68.69
2024-11-08,18.68,14.66,71.89
2024-11-15,19.02,14.63,68.38
2024-11-22,20.09,15.64,70.11
2024-11-29,19.06,14.47,68.94
2024-12-06,18.23,13.22,68.89
2024-12-13,17.17,13.95,69.97
2024-12-20,16.02,13.62,70.39
2024-12-27,16.11,15.1,70.51
2025-01-03,16.94,15.53,73.15
2025-01-10,16.45,14.85,75.14
2025-01-17,17.84,15.91,79.28
2025-01-24,18.85,16.43,75.73
2025-01-31,19.93,17.54,73.31
2025-02-07,21.79,19.66,72.05
2025-02-14,22.33,20.17,72.17
2025-02-21,21.14,20.24,72.1
2025-02-28,16.67,18.27,69.93
2025-03-07,17.47,18.09,67.52
2025-03-14,16.7,18.66,66.95
2025-03-21,17.75,20.95,67.96
2025-03-28,17.83,20.69,69.81
2025-04-04,18.03,21.74,69.09
2025-04-11,17.22,20.52,61.24
2025-04-18,17.51,20.32,62.92
2025-04-25,19.25,21.82,63.62
2025-05-02,19.43,22.09,60.99
2025-05-09,20.61,23.05,60.39
2025-05-16,20.69,23.22,63.94
2025-05-23,21.85,24.18,63.26
2025-05-30,20.02,21.48,61.82
2025-06-06,17.87,20.26,64.06
2025-06-13,19.01,19.99,68.63
2025-06-20,23.19,20.99,74.94
2025-06-27,23.87,21.67,66.78
2025-07-04,23.85,22.62,67.43
2025-07-11,24.87,23.56,69.15
2025-07-18,25.38,23.64,68.07
2025-07-25,24.95,24.76,67.11
2025-08-01,24.54,22.18,69.58
2025-08-08,23.19,22.23,65.75
2025-08-15,24.29,23.86,64.34
2025-08-22,26.29,26.59,64.14
2025-08-29,27.53,25.89,64.52
2025-09-05,23.61,27.92,64.09
2025-09-12,23.68,26.19,63.06
2025-09-19,24.08,26.88,63.98
2025-09-26,23.44,25.81,64.83
2025-10-03,21.91,24.06,62.59
2025-10-10,21.05,24.22,62.1
2025-10-17,21.87,24.25,58.8
2025-10-24,23.3,23.63,60.2
2025-10-31,25.46,23.91,61.49
2025-11-07,26.32,27.51,60.87
2025-11-14,28.87,29.15,60.16
2025-11-21,28.92,29.01,60.27
2025-11-28,25.8,23.5,58.69
2025-12-05,23.46,22.42,59.48
2025-12-12,22.02,21.0,58.3
2025-12-19,20.41,18.85,56.3
2025-12-26,19.8,18.99,58.01
2026-01-02,21.14,21.1,57.54
2026-01-09,26.1,25.36,57.56
2026-01-16,26.67,26.25,60.12
2026-01-23,28.5,28.71,60.16
2026-01-30,28.51,28.07,62.9
2026-02-06,27.98,26.86,63.09
2026-02-13,27.25,25.56,63.93
2026-02-20,24.09,17.58,65.3
2026-02-27,26.99,20.9,65.87
2026-03-06,38.21,34.5,78.37
2026-03-13,38.01,33.35,91.85
2026-03-20,50.26,48.91,96.07
2026-03-27,49.95,49.9,94.29
2026-04-03,44.51,46.75,105.67
2026-04-10,37.95,37.95,104.54
2026-04-17,42.86,41.09,93.84
2026-04-24,51.29,51.16,95.43
2026-05-01,52.62,53.18,105.57
2026-05-08,52.2,51.55,102.28
2026-05-15,53.52,52.18,105.1
2026-05-22,50.44,49.03,105.32
2026-05-29,46.63,44.9,93.45
2026-06-05,42.61,40.09,96.87
2026-06-12,42.2,41.64,92.16
2026-06-19,43.66,44.58,81.36
2026-06-26,52.13,53.85,73.59
2026-07-03,56.91,60.17,70.48
2026-07-10,59.72,60.95,72.26
2026-07-17,67.13,65.71,80.77
2026-07-24,63.47,67.74,88.58
2026-07-31,64.49,69.95,84.51
2026-08-07,55.25,58.23,78.94
2026-08-14,62.46,64.43,84.05
2026-08-21,67.18,71.41,87.35
2026-08-28,68.02,75.01,84.62
